org.hibernate.dialect.Dialect.addSqlHintOrComment,0.0032
org.springframework.beans.factory.config.DependencyDescriptor.<init>,0.0954
org.springframework.beans.factory.InjectionPoint.getAnnotations,0.0531
javax.management.openmbean.CompositeType.isAssignableFrom,0.0018
org.springframework.util.ConcurrentReferenceHashMap$Segment.findInChain,0.0706
java.time.format.DateTimeFormatterBuilder$CompositePrinterParser.<init>,0.0024
org.h2.table.TableFilter.getValue,0.1185
sun.reflect.annotation.AnnotationInvocationHandler.memberValueHashCode,0.0072
org.springframework.boot.loader.jar.NestedJarFile.getContentEntry,0.3654
org.hibernate.validator.internal.engine.constraintvalidation.ConstraintTree.getInitializedConstraintValidator,0.3203
java.lang.StringConcatHelper.newArray,0.1011
org.apache.catalina.connector.Connector.createRequest,0.0184
org.springframework.beans.factory.support.DefaultListableBeanFactory.findAnnotationOnBean,0.0605
org.thymeleaf.engine.ProcessorTemplateHandler.handleOpenElement,0.3064
java.util.concurrent.Executors.callable,0.0954
jdk.internal.misc.Unsafe.getIntVolatile,0.0072
org.hibernate.sql.results.spi.ListResultsConsumer.consume,0.0059
org.thymeleaf.templateparser.reader.BlockAwareReader.read,0.0368
org.thymeleaf.engine.AttributeNames$AttributeNamesRepository.binarySearch,0.0757
org.springframework.data.repository.query.ReturnedType.of,0.0531
org.apache.catalina.connector.RequestFacade.getAttribute,0.2994
java.lang.invoke.MethodHandles$Lookup.<init>,0.0453
org.hibernate.sql.exec.internal.JdbcSelectExecutorStandardImpl.doExecuteQuery,0.0349
jdk.internal.misc.Unsafe.getReference,0.0445
org.hibernate.sql.results.graph.entity.internal.EntityInitializerImpl.resolveInstance,0.1671
java.lang.ThreadLocal.getCarrierThreadLocal,0.0445
org.springframework.boot.loader.net.protocol.jar.UrlJarFiles.cacheIfAbsent,0.1652
java.lang.Thread.sleep0,0.0235
org.springframework.core.type.AnnotatedTypeMetadata.getMergedRepeatableAnnotationAttributes,0.2376
org.springframework.boot.loader.net.protocol.jar.UrlJarFiles.getCached,0.1660
java.util.concurrent.ConcurrentHashMap.putVal,0.1014
org.springframework.core.type.classreading.MergedAnnotationReadingVisitor.get,0.0656
java.time.format.DateTimeFormatterBuilder$NumberPrinterParser.format,0.0449
org.springframework.validation.AbstractBindingResult.getFieldErrors,0.0042
java.util.concurrent.ConcurrentHashMap.putIfAbsent,0.1464
org.springframework.util.ConcurrentLruCache$ReadOperations.drain,0.0531
org.thymeleaf.standard.expression.EachUtils.parseEach,0.0188
org.springframework.expression.spel.ast.PropertyOrFieldReference.readProperty,0.6433
io.micrometer.core.instrument.observation.DefaultMeterObservationHandler.onStart,0.0263
java.util.concurrent.ConcurrentHashMap.remove,0.0910
org.springframework.core.MethodParameter.getParameterIndex,0.1188
org.antlr.v4.runtime.misc.Array2DHashSet.<init>,0.0496
java.lang.invoke.Invokers$Holder.invokeExact_MT,0.3222
org.springframework.web.servlet.resource.ResourceHandlerUtils.cleanDuplicateSlashes,0.0046
org.springframework.core.annotation.MergedAnnotation$Adapt.isIn,0.1011
org.hibernate.sql.results.internal.StandardRowReader.readRow,0.0149
java.util.Arrays.fill,0.1212
org.apache.catalina.core.StandardContext.bind,0.0161
org.springframework.expression.spel.ast.SpelNodeImpl.getValue,0.1606
org.springframework.core.ResolvableType.forClass,0.0251
org.springframework.core.annotation.AnnotationsScanner.hasPlainJavaAnnotationsOnly,0.0078
org.springframework.web.servlet.DispatcherServlet.getHandlerAdapter,0.0109
org.springframework.util.Assert.state,0.0656
org.springframework.boot.loader.net.protocol.jar.JarUrlConnection.open,0.0069
sun.security.provider.AbstractDrbg$SeederHolder.<clinit>,0.1011
net.bytebuddy.description.method.MethodDescription$TypeSubstituting.getReturnType,0.0337
org.springframework.beans.factory.support.AbstractAutowireCapableBeanFactory.createBean,0.0605
com.sun.management.internal.GarbageCollectionNotifInfoCompositeData.getCompositeData,0.0005
java.util.jar.JarEntry.<init>,0.0656
jdk.internal.org.objectweb.asm.SymbolTable.addConstantMethodref,0.0453
sun.nio.ch.Net.accept,2.0118
org.hibernate.internal.AbstractSharedSessionContract.getTransactionIfAccessible,0.0036
org.apache.tomcat.util.net.AbstractEndpoint.initializeConnectionLatch,0.0954
jdk.internal.org.objectweb.asm.FieldVisitor.<init>,0.0656
org.hibernate.validator.internal.engine.resolver.CachingJPATraversableResolverForSingleValidation.isReachable,0.0050
sun.management.NotificationEmitterSupport.hasListeners,0.0000
org.springframework.boot.loader.zip.ZipContent.nameHash,0.0466
javax.management.openmbean.CompositeType.isValue,0.0003
org.thymeleaf.spring6.expression.SpringStandardExpressionObjectFactory.buildObject,0.0150
net.bytebuddy.description.type.TypeDescription$Generic$Visitor$Substitutor$ForAttachment.of,0.0337
org.thymeleaf.engine.ModelBuilderTemplateHandler.getModel,0.0079
org.h2.jdbc.JdbcPreparedStatement.executeQuery,0.0203
org.thymeleaf.spring6.util.SpringValueFormatter.getDisplayString,0.0036
org.hibernate.validator.internal.engine.validationcontext.ValidationContextBuilder.forValidate,0.0054
sun.nio.ch.SocketDispatcher.read0,0.0273
org.h2.mvstore.tx.TransactionStore.endTransaction,0.0097
org.springframework.core.io.AbstractFileResolvingResource.lastModified,0.0053
java.nio.ByteBuffer.position,0.0049
org.apache.tomcat.util.net.SocketWrapperBase.<init>,0.0053
org.thymeleaf.context.WebEngineContext.setVariable,0.0124
java.lang.ThreadLocal$ThreadLocalMap.getEntryAfterMiss,0.0935
org.hibernate.sql.exec.internal.JdbcSelectExecutorStandardImpl.resolveJdbcValuesSource,0.0037
org.springframework.web.servlet.config.annotation.WebMvcConfigurer.configureViewResolvers,0.0605
org.hibernate.sql.results.internal.ResultsHelper.createRowReader,0.0101
org.hibernate.sql.results.jdbc.internal.JdbcValuesSourceProcessingStateStandardImpl.finishUp,0.0122
sun.util.resources.OpenListResourceBundle.loadLookup,0.0000
java.lang.Throwable.fillInStackTrace,1.2341
org.springframework.web.servlet.mvc.method.annotation.ExtendedServletRequestDataBinder.addBindValues,0.0097
org.springframework.boot.loader.net.protocol.jar.JarFileUrlKey.<init>,0.0065
java.lang.invoke.LambdaForm$MH/0x000001cc81005800.invokeExact_MT,0.0766
org.springframework.util.ObjectUtils.nullSafeEquals,0.4028
jdk.internal.org.objectweb.asm.MethodVisitor.<init>,0.0453
org.antlr.v4.runtime.atn.PredictionContext.<init>,0.0496
java.lang.invoke.MethodHandles$Lookup.revealDirect,0.0531
org.thymeleaf.engine.Attribute.write,0.0394
java.lang.ref.Reference.clear0,0.1399
org.hibernate.collection.spi.AbstractPersistentCollection$IteratorProxy.next,0.0476
org.springframework.http.MediaType.<init>,0.0033
sun.nio.ch.ServerSocketChannelImpl.<init>,0.0000
org.hibernate.engine.internal.StatefulPersistenceContext.processLoadedEntityHolder,0.0042
org.springframework.core.convert.TypeDescriptor.getAnnotatedElement,0.3204
org.h2.result.LocalResult.applyOffsetAndLimit,0.0047
org.springframework.expression.spel.ast.MethodReference.getArguments,0.0656
jdk.internal.loader.URLClassPath.getLoader,0.3749
com.sun.management.internal.DiagnosticCommandImpl.executeDiagnosticCommand,0.0000
jdk.internal.misc.Unsafe.park,4.4873
java.util.ArrayDeque.<init>,0.0053
java.lang.ClassLoader.<init>,0.0453
org.apache.tomcat.util.buf.CharChunk.indexOf,0.0049
java.util.TimSort.binarySort,0.0137
org.springframework.data.repository.query.parser.Part.<init>,0.0531
org.hibernate.sql.results.graph.collection.internal.AbstractNonJoinCollectionInitializer.resolveInstance,0.0092
org.thymeleaf.standard.expression.ExpressionCache.getFromCache,0.0125
java.util.ComparableTimSort.countRunAndMakeAscending,0.0006
sun.reflect.generics.reflectiveObjects.WildcardTypeImpl.equals,0.0055
java.lang.invoke.LambdaFormBuffer.indexOf,0.0030
java.lang.ClassLoader.findLoadedClass0,0.5850
org.springframework.web.servlet.FrameworkServlet.service,0.0023
java.util.HashSet.spliterator,0.0125
org.springframework.core.ResolvableType.asVariableResolver,0.0160
java.lang.invoke.DirectMethodHandle.allocateInstance,0.0850
org.springframework.data.jpa.repository.query.StringQuery$ParameterBindingParser.<clinit>,0.0531
org.springframework.expression.spel.support.ReflectionHelper.convertArguments,0.0135
java.lang.ref.Reference.refersTo,0.0919
org.hibernate.loader.ast.internal.CacheEntityLoaderHelper.loadFromSessionCache,0.0035
java.util.HashMap.putVal,0.1355
org.apache.tomcat.util.buf.MessageBytes.toBytesSimple,0.0034
java.lang.reflect.Proxy.getProxyConstructor,0.0445
sun.nio.ch.WEPollSelectorImpl.doSelect,0.0337
org.thymeleaf.standard.expression.Expression.parse,1.0848
org.springframework.expression.spel.ExpressionState.initContextObjects,0.0075
org.h2.expression.condition.Comparison.getValue,0.0450
java.util.ArrayList.indexOfRange,0.5452
org.springframework.expression.spel.ast.CompoundExpression.getValueInternal,0.1157
com.github.benmanes.caffeine.cache.LocalCache.notifyOnReplace,0.0010
org.hibernate.sql.results.graph.entity.internal.EntityInitializerImpl.resolveEntityKey,0.0084
java.util.Arrays.equals,0.0512
sun.security.provider.SHA2.implCompress0,0.0014
jdk.internal.misc.VM.getNanoTimeAdjustment,0.1777
org.antlr.v4.runtime.CommonTokenStream.LT,0.0496
org.thymeleaf.util.Validate.notEmpty,0.0048
org.springframework.data.repository.core.support.RepositoryMethodInvoker.doInvoke,0.0075
jdk.internal.reflect.Reflection.verifyModuleAccess,0.0445
org.springframework.web.servlet.mvc.method.annotation.RequestMappingHandlerAdapter.getDataBinderFactory,0.0030
org.hibernate.grammars.hql.HqlParser.query,0.0496
java.lang.Class.getDeclaringClass0,0.0496
java.util.Collections$UnmodifiableCollection$1.<init>,0.0586
java.lang.ref.Reference.getAndClearReferencePendingList,0.0000
jdk.internal.misc.ScopedMemoryAccess.copyMemoryInternal,0.0170
java.lang.Long.getChars,0.1549
java.util.ComparableTimSort.binarySort,0.0005
io.micrometer.core.instrument.distribution.TimeWindowMax.rotate,0.0006
java.util.LinkedHashMap$LinkedEntryIterator.next,0.0452
ch.qos.logback.core.pattern.SpacePadder.leftPad,0.0954
org.hibernate.engine.internal.EntityEntryContext.processEachManagedEntity,0.0395
java.util.concurrent.ConcurrentHashMap$BaseIterator.<init>,0.0605
org.apache.catalina.core.StandardPipeline.isAsyncSupported,0.0117
javax.management.openmbean.CompositeDataSupport.makeMap,0.0003
org.springframework.http.server.DefaultRequestPath.elements,0.0046
org.hibernate.sql.results.graph.entity.internal.EntityInitializerImpl.registerLoadingEntity,0.0534
org.apache.tomcat.util.http.parser.HttpParser.readDigits,0.0110
org.thymeleaf.engine.Attributes.write,0.0259
org.springframework.core.annotation.AnnotationTypeMapping.addConventionMappings,0.0605
java.lang.invoke.LambdaForm$MH/0x000001cc81a84000.invokeExact_MT,0.2342
org.springframework.data.jpa.repository.support.CrudMethodMetadataPostProcessor$CrudMethodMetadataPopulatingMethodInterceptor.invoke,0.2112
java.lang.StringLatin1.regionMatchesCI,0.4643
org.antlr.v4.runtime.atn.ATNDeserializer.decodeIntsEncodedAs16BitWords,0.0496
org.hibernate.query.sqm.internal.ConcreteSqmSelectQueryPlan$1.<init>,0.0065
java.nio.charset.Charset.forName,0.0099
java.lang.Class.forName0,0.4452
java.util.regex.Matcher.reset,0.0096
java.lang.ThreadLocal.getMap,0.0445
org.hibernate.query.spi.AbstractSelectionQuery.getCallback,0.0454
java.net.URL.getURLStreamHandler,0.1723
org.springframework.asm.ClassReader.readMethod,0.1188
org.springframework.boot.loader.zip.ZipString.compare,0.0605
java.util.TimeZone.clone,0.0098
org.springframework.boot.context.properties.ConfigurationPropertiesBeanRegistrar.createBeanDefinition,0.2198
org.springframework.web.servlet.support.AbstractFlashMapManager.getExpiredFlashMaps,0.0114
org.springframework.context.annotation.AnnotatedBeanDefinitionReader.<init>,0.0656
org.springframework.data.repository.util.ReactiveWrapperConverters.unwrapWrapperTypes,0.0531
org.springframework.boot.actuate.autoconfigure.metrics.data.MetricsRepositoryMethodInvocationListenerBeanPostProcessor.<init>,0.1011
java.util.Comparators$NullComparator.compare,0.0040
java.util.ArrayList.grow,0.0356
org.springframework.boot.loader.net.protocol.jar.JarUrlConnection.connect,0.0531
org.springframework.expression.spel.ast.PropertyOrFieldReference$AccessorValueRef.getValue,0.0884
java.util.IdentityHashMap.entrySet,0.0445
org.antlr.v4.runtime.atn.SingletonPredictionContext.equals,0.0496
org.thymeleaf.engine.Attributes.replaceAttribute,0.0155
org.springframework.beans.factory.support.DefaultListableBeanFactory.getBeanDefinition,0.1188
java.util.LinkedHashMap.get,0.0496
org.h2.jdbc.JdbcPreparedStatement.setInt,0.0065
org.hibernate.annotations.common.reflection.java.JavaReflectionManager$1.caseParameterizedType,0.0337
org.springframework.core.annotation.AbstractMergedAnnotation.lambda$asAnnotationAttributes$0,0.1188
java.nio.channels.spi.AbstractSelectableChannel.<init>,0.0021
org.apache.catalina.connector.OutputBuffer.write,0.6857
java.lang.System.arraycopy,0.0445
org.springframework.boot.loader.jar.NestedJarFile.hasEntry,1.7187
org.springframework.aop.support.AopUtils.canApply,0.0605
java.lang.ThreadLocal$ThreadLocalMap.remove,0.0065
org.hibernate.annotations.common.reflection.java.generics.TypeUtils$2.<init>,0.0337
com.sun.management.internal.DiagnosticCommandImpl.getMBeanInfo,0.0000
net.bytebuddy.implementation.MethodCall.construct,0.0337
org.thymeleaf.context.WebEngineContext$ExchangeAttributeMap.searchNameInIndex,0.0192
org.h2.command.CommandContainer.isTransactional,0.0076
org.apache.tomcat.util.threads.ThreadPoolExecutor.execute,0.0175
org.hibernate.grammars.hql.HqlParser.selectionList,0.0496
java.util.AbstractCollection.containsAll,0.0094
org.apache.tomcat.util.net.NioEndpoint$SocketProcessor.doRun,0.0095
org.springframework.data.repository.query.parser.AbstractQueryCreator.createCriteria,0.0044
java.util.Date.getYear,0.0998
org.apache.catalina.webresources.CachedResource.getURL,0.0605
org.springframework.boot.actuate.autoconfigure.health.HealthEndpointConfiguration.healthStatusAggregator,0.0605
java.util.Collections$UnmodifiableMap$UnmodifiableEntrySet$UnmodifiableEntry.getValue,0.0000
org.apache.catalina.webresources.Cache.getResource,0.0075
java.lang.invoke.MemberName.isGetter,0.1011
org.h2.mvstore.Cursor.hasNext,0.0572
jdk.jfr.internal.util.Tokenizer.next,0.0000
java.nio.DirectLongBufferU.get,0.0445
org.springframework.web.servlet.view.InternalResourceViewResolver.instantiateView,0.0079
org.thymeleaf.engine.IteratedGatheringModelProcessable.computeIterationModels,0.1960
org.springframework.core.convert.support.ConversionUtils.invokeConverter,0.0687
org.springframework.aop.support.AopUtils.findAdvisorsThatCanApply,0.1011
java.util.HashMap.newNode,0.0248
jdk.internal.org.objectweb.asm.MethodWriter.computeMethodInfoSize,0.0445
java.lang.StringLatin1.newString,0.0401
org.springframework.expression.spel.CodeFlow.toDescriptorFromObject,0.0565
java.lang.StringBuilder.append,0.0713
java.util.IdentityHashMap.get,0.0534
org.thymeleaf.spring6.view.ThymeleafViewResolver.createView,0.0029
org.hibernate.sql.results.jdbc.internal.DeferredResultSetAccess.executeQuery,0.0614
jdk.internal.org.objectweb.asm.FieldWriter.putFieldInfo,0.1011
org.hibernate.engine.internal.StatefulPersistenceContext.addEntry,0.0131
org.springframework.boot.web.servlet.server.AbstractServletWebServerFactory.<init>,0.1011
org.h2.result.LocalResult.addRow,0.0064
org.springframework.util.ReflectionUtils.doWithMethods,0.0496
org.springframework.validation.support.BindingAwareModelMap.put,0.0116
org.springframework.expression.spel.ast.Indexer.getValueRef,0.0057
java.util.stream.ReferencePipeline.collect,0.0954
java.util.TreeMap.put,0.0000
org.hibernate.sql.results.jdbc.internal.JdbcValuesResultSetImpl.<init>,0.0286
org.thymeleaf.standard.processor.AbstractStandardExpressionAttributeTagProcessor.doProcess,0.0539
org.h2.index.IndexCursor.next,0.0356
org.springframework.boot.loader.zip.FileDataBlock.ensureOpen,0.0445
java.time.zone.ZoneRules.getValidOffsets,0.4030
org.hibernate.sql.results.internal.StandardRowReader.finishUpRow,0.0197
java.util.HashMap.getNode,0.4613
jdk.internal.org.objectweb.asm.Frame.accept,0.0656
java.util.stream.AbstractPipeline.<init>,0.1011
org.hibernate.event.internal.DefaultInitializeCollectionEventListener.onInitializeCollection,0.0029
java.lang.Long.valueOf,0.0074
java.lang.reflect.Method.getMethodAccessor,0.0954
org.h2.jdbc.JdbcConnection.prepareStatement,0.0104
java.time.LocalDate.ofEpochDay,0.0073
org.h2.message.Trace.isDebugEnabled,0.0106
org.hibernate.collection.spi.AbstractPersistentCollection$IteratorProxy.hasNext,0.1034
net.bytebuddy.dynamic.scaffold.subclass.SubclassDynamicTypeBuilder.toTypeWriter,0.0337
org.h2.index.IndexCursor.getSearchRow,0.0266
java.lang.StringBuilder.toString,0.0095
org.apache.tomcat.util.buf.CharChunk.append,0.0099
java.lang.invoke.MethodHandleNatives.refKindIsMethod,0.0954
java.util.concurrent.LinkedTransferQueue.xfer,0.0136
java.util.TreeMap.forEach,0.0000
org.hibernate.query.sqm.internal.SqmCriteriaNodeBuilder.createQuery,0.0531
org.hibernate.internal.SessionImpl.pulseTransactionCoordinator,0.0042
java.lang.invoke.DirectMethodHandle$Holder.invokeVirtual,0.0219
java.util.BitSet.clear,0.0337
org.hibernate.sql.results.graph.entity.internal.EntityInitializerImpl.isReadOnly,0.0244
java.util.regex.Pattern$GroupTail.match,0.0144
org.springframework.web.accept.ContentNegotiationManager.resolveMediaTypes,0.0072
org.springframework.asm.ClassReader.accept,0.1188
org.springframework.core.BridgeMethodResolver.searchCandidates,0.0605
java.util.concurrent.locks.AbstractQueuedSynchronizer$ConditionObject.doSignal,0.0000
org.hibernate.type.descriptor.java.PrimitiveByteArrayJavaType.<init>,0.0453
java.lang.reflect.Field.set,0.0227
org.springframework.expression.spel.ast.Indexer$PropertyAccessorValueRef.getValue,0.0128
org.thymeleaf.standard.expression.StandardExpressionParser.parseExpression,0.0133
org.springframework.http.server.DefaultPathContainer.decodeAndParsePathSegment,0.5371
org.hibernate.collection.spi.PersistentSet.getSnapshot,0.0274
java.lang.String.indexOf,0.0898
org.antlr.v4.runtime.atn.ATNConfigSet.add,0.0496
org.thymeleaf.util.ProcessorConfigurationUtils$ElementTagProcessorWrapper.process,0.0518
org.springframework.expression.spel.ast.MethodReference.getValueRef,0.0248
org.thymeleaf.standard.expression.VariableExpression.executeVariableExpression,0.0325
sun.net.www.protocol.jar.Handler.openConnection,0.0605
org.hibernate.engine.internal.Cascade.cascadeCollectionElements,0.0436
java.lang.Object.clone,0.2378
org.hibernate.query.spi.AbstractSelectionQuery.beforeQueryHandlingFetchProfiles,0.0057
org.springframework.data.repository.core.support.RepositoryFragment$StructuralRepositoryFragment.getSignatureContributor,0.0531
org.hibernate.engine.internal.Cascade.cascade,0.0095
jdk.internal.org.objectweb.asm.AnnotationWriter.putAnnotations,0.0006
io.micrometer.common.KeyValues.dedup,0.0034
java.net.URLClassLoader$2.run,0.0043
org.springframework.boot.SpringApplicationBannerPrinter.getTextBanner,0.0656
io.micrometer.core.instrument.distribution.DistributionStatisticConfig$Builder.validate,0.0026
org.springframework.boot.info.GitProperties$Coercer.milliseconds,0.0605
org.h2.table.TableFilter.reset,0.0052
org.springframework.boot.web.servlet.server.DocumentRoot.getCodeSourceArchive,0.0954
sun.security.provider.SunEntries.addWithAlias,0.0000
org.springframework.web.util.pattern.PathPattern$PathMatchInfo.<init>,0.0048
io.micrometer.core.instrument.internal.DefaultLongTaskTimer.start,0.0059
net.bytebuddy.description.type.TypeDescription$Generic$OfNonGenericType.getInterfaces,0.0337
org.springframework.transaction.interceptor.TransactionInterceptor.invoke,0.0065
java.lang.ClassLoader.preDefineClass,0.0452
java.lang.Object.hashCode,0.4898
org.hibernate.engine.internal.EntityEntryContext.clearAllReferencesFromManagedEntities,0.0317
java.util.concurrent.locks.AbstractQueuedSynchronizer$ConditionObject.awaitNanos,0.0000
java.lang.String.getBytesNoRepl1,0.1188
org.springframework.data.repository.core.RepositoryInformationSupport.isQueryMethod,0.0531
java.lang.invoke.InvokerBytecodeGenerator$ClassData.<init>,0.1188
java.util.Arrays.binarySearch0,0.9080
org.attoparser.MarkupEventProcessorHandler$StandardNamesRepository.<clinit>,0.0184
java.lang.Character.getType,0.0890
org.hibernate.boot.internal.SessionFactoryOptionsBuilder.lambda$determineXmlFormatMapper$8,0.0337
sun.security.util.KnownOIDs.register,0.0000
org.springframework.expression.spel.ast.AccessorUtils.getAccessorsToTry,0.5056
org.apache.tomcat.util.http.parser.HttpParser.readToken,0.0097
io.micrometer.core.instrument.Tags.iterator,0.0000
java.util.Hashtable.get,0.5338
java.io.WinNTFileSystem.canonicalize0,0.2975
org.hibernate.collection.spi.PersistentSet.add,0.0300
java.lang.ThreadLocal.get,0.0841
org.apache.tomcat.util.net.NioEndpoint$Poller.events,0.0182
org.springframework.orm.jpa.AbstractEntityManagerFactoryBean$ManagedEntityManagerFactoryInvocationHandler.invoke,0.0042
org.hibernate.sql.results.internal.RowProcessingStateStandardImpl.getQueryOptions,0.0297
org.springframework.beans.BeanMetadataAttributeAccessor.setAttribute,0.1011
org.apache.catalina.core.StandardContext.setPath,0.0954
org.hibernate.persister.entity.SingleTableEntityPersister.<init>,0.0337
org.hibernate.boot.model.internal.EntityBinder.makePersistentClass,0.0337
java.lang.invoke.DirectMethodHandle$Accessor.checkCast,0.0445
org.hibernate.type.CollectionType.preserveSnapshot,0.0096
jdk.internal.org.objectweb.asm.ByteVector.putUTF8,0.1059
java.util.stream.AbstractPipeline.evaluate,0.0337
org.springframework.core.annotation.AnnotationTypeMappings.addMetaAnnotationsToQueue,0.1188
org.hibernate.boot.internal.ClassLoaderAccessImpl.isSafeClass,0.0453
java.util.Collections$UnmodifiableCollection.size,0.0045
java.lang.reflect.Proxy$ProxyBuilder.validateProxyInterfaces,0.0337
org.thymeleaf.standard.serializer.StandardJavaScriptSerializer.<init>,0.0604
sun.nio.ch.WEPoll.ctl,0.1034
org.springframework.web.servlet.mvc.method.annotation.RequestMappingHandlerAdapter.getDefaultReturnValueHandlers,0.0605
java.net.URLClassLoader$1.run,0.0000
com.sun.jmx.mbeanserver.GetPropertyAction.run,0.0006
org.springframework.boot.convert.ApplicationConversionService.assertModifiable,0.0445
java.time.format.DateTimeFormatterBuilder.toFormatter,0.0833
org.h2.mvstore.Page.get,0.0341
java.util.concurrent.ConcurrentHashMap.put,0.0975
java.util.concurrent.locks.AbstractQueuedSynchronizer.release,0.0034
java.util.Properties$LineReader.readLine,0.0656
java.lang.System.identityHashCode,0.2059
org.hibernate.query.sqm.tree.select.SqmQuerySpec.containsCollectionFetches,0.0085
org.thymeleaf.engine.TemplateModelController.decreaseModelLevel,0.2416
org.h2.table.Table.getTemplateRow,0.0108
org.springframework.util.ConcurrentReferenceHashMap$Segment.lambda$doTask$0,0.2198
java.lang.invoke.InfoFromMemberName.getModifiers,0.0445
org.thymeleaf.DialectSetConfiguration.getPreProcessors,0.0041
org.hibernate.resource.jdbc.spi.PhysicalConnectionHandlingMode.<clinit>,0.0453
org.hibernate.internal.util.collections.StandardStack.findCurrentFirstWithParameter,0.0132
net.bytebuddy.description.method.ParameterList$AbstractBase.asTypeList,0.0337
java.io.BufferedReader.implReadLine,0.0656
sun.invoke.util.BytecodeDescriptor.unparseSig,0.1011
org.thymeleaf.engine.IteratedGatheringModelProcessable.processIterationModel,0.0111
org.springframework.boot.actuate.autoconfigure.health.HealthEndpointConfiguration.healthHttpCodeStatusMapper,0.0605
java.util.Collections$UnmodifiableCollection$1.next,0.0519
org.h2.expression.ExpressionVisitor.getDependenciesVisitor,0.0068
jdk.internal.loader.URLClassPath.findResources,0.0337
org.hibernate.engine.spi.CascadeStyles$BaseCascadeStyle.reallyDoCascade,0.0041
org.springframework.boot.loader.net.protocol.jar.JarUrlClassLoader.getJarFile,0.0445
org.apache.catalina.connector.CoyoteWriter.write,0.0481
org.apache.tomcat.util.http.Rfc6265CookieProcessor.<clinit>,0.0000
org.springframework.expression.spel.ast.MethodReference.updateExitTypeDescriptor,0.0185
java.lang.Class.isInterface,0.1539
org.hibernate.query.hql.internal.SemanticQueryBuilder.visitOrderByClause,0.0496
java.lang.ref.Reference.refersTo0,0.0036
org.springframework.beans.factory.support.ConstructorResolver.createArgumentArray,0.1011
java.lang.reflect.Field.hashCode,0.0954
java.util.Collections$UnmodifiableSet.equals,0.0611
jdk.internal.reflect.Reflection.getCallerClass,0.2300
jdk.internal.loader.BuiltinClassLoader.findResource,0.0085
sun.security.util.DerOutputStream.<clinit>,0.0000
org.springframework.beans.factory.support.DefaultListableBeanFactory.requiresEagerInitForType,0.1011
java.util.stream.ReferencePipeline.mapToLong,1.7151
org.h2.mvstore.db.MVTable.doLock1,0.0040
jdk.jfr.internal.jfc.model.XmlElement.elements,0.0000
org.h2.command.query.Select.fireBeforeSelectTriggers,0.0070
org.thymeleaf.engine.OpenElementTag.beHandled,0.0748
org.thymeleaf.standard.expression.StandardExpressionPreprocessor.preprocess,0.0211
org.thymeleaf.engine.IteratedGatheringModelProcessable.computeIteratedObjectIterator,0.0135
org.thymeleaf.standard.processor.StandardIfTagProcessor.isVisible,0.0040
org.antlr.v4.runtime.misc.MurmurHash.update,0.0496
org.springframework.core.annotation.SynthesizedMergedAnnotationInvocationHandler.getAttributeValue,0.0126
ch.qos.logback.core.pattern.parser.Parser.compile,0.0656
java.lang.ClassLoader.loadClass,5.8219
org.apache.catalina.connector.Response.normalize,0.0188
java.util.Date.getMonth,0.0119
java.util.concurrent.locks.ReentrantReadWriteLock$Sync.tryAcquireShared,0.0496
java.time.format.DateTimeFormatterBuilder.appendValue,0.0093
org.springframework.util.ReflectionUtils.getUniqueDeclaredMethods,0.1188
java.lang.Class.isInstance,0.0053
sun.nio.ch.SocketChannelImpl.read,0.0020
java.util.Collections$UnmodifiableMap.get,0.0494
org.springframework.core.type.classreading.MergedAnnotationReadingVisitor$ArrayVisitor.getComponentType,0.1188
org.springframework.beans.factory.support.DefaultListableBeanFactory.doGetBeanNamesForType,0.1507
javax.management.StandardMBean.<clinit>,0.0000
org.springframework.boot.loader.zip.FileDataBlock$FileAccess.open,0.0000
javax.management.ObjectName.construct,0.0000
java.lang.invoke.MethodHandleNatives.resolve,0.6934
org.apache.catalina.core.StandardContext.createInstanceManager,0.0954
org.apache.catalina.connector.Request.getSession,0.0199
java.util.HashMap$HashIterator.<init>,0.0589
jdk.internal.jimage.ImageStringsReader.stringFromByteBufferMatches,0.0656
org.h2.mvstore.Page.clone,0.0048
org.thymeleaf.engine.Text.beHandled,0.0395
org.springframework.beans.factory.support.AbstractBeanDefinition.resolveBeanClass,0.1188
org.hibernate.persister.collection.mutation.InsertRowsCoordinatorStandard.insertRows,0.0192
org.hibernate.validator.internal.engine.valuecontext.ValueContexts.getLocalExecutionContextForBean,0.0050
org.h2.value.ValueInteger.get,0.0188
org.thymeleaf.spring6.SpringTemplateEngine.<clinit>,0.0605
org.h2.command.Parser.parseUpdate,0.0372
org.springframework.expression.spel.ast.MethodReference.getValueInternal,0.1044
java.lang.AbstractStringBuilder.<init>,0.0289
org.springframework.boot.WebApplicationType.deduceFromClasspath,0.0445
java.util.stream.MatchOps$MatchOp.evaluateSequential,0.0531
sun.reflect.annotation.AnnotationInvocationHandler.invoke,0.0496
java.time.Instant.create,0.0071
java.util.Arrays.copyOfRangeByte,0.1006
org.springframework.boot.loader.net.protocol.jar.UrlJarFiles$Cache.get,99.9455
org.apache.coyote.http11.Http11InputBuffer.<init>,0.0184
sun.nio.ch.FileDispatcherImpl.pread0,4.1732
java.util.regex.Pattern$CharProperty.match,0.0515
java.util.concurrent.atomic.LongAdder.increment,0.0091
org.unbescape.html.HtmlEscape.escapeHtml,0.1106
org.hibernate.type.descriptor.java.OffsetDateTimeJavaType.<clinit>,0.0453
java.util.TreeMap.keyIterator,0.0006
org.h2.mvstore.Page.binarySearch,0.0198
org.hibernate.sql.results.internal.StandardRowReader.coordinateInitializers,0.1243
java.lang.reflect.ProxyGenerator.generateStaticInitializer,0.1011
org.hibernate.sql.results.graph.entity.internal.EntityInitializerImpl.deepCopy,0.0384
java.lang.invoke.MethodHandle.keepsAlive,0.0531
org.hibernate.sql.results.graph.entity.internal.EntityInitializerImpl.getEntityFromExecutionContext,0.0653
org.hibernate.grammars.hql.HqlParser.<clinit>,0.2978
java.util.concurrent.locks.LockSupport.setBlocker,0.0026
org.springframework.data.jpa.repository.query.JpaQueryLookupStrategy$DeclaredQueryLookupStrategy.resolveQuery,0.0531
org.springframework.boot.actuate.autoconfigure.beans.BeansEndpointAutoConfiguration.beansEndpoint,0.0605
org.springframework.data.jpa.repository.query.QueryParameterSetter$NamedOrIndexedQueryParameterSetter.setParameter,0.3311
org.h2.index.IndexCursor.prepare,0.0218
io.micrometer.core.instrument.binder.jvm.JvmGcMetrics$GcMetricsNotificationListener.handleNotification,0.0046
sun.nio.fs.WindowsNativeDispatcher.FindFirstFile0,0.1011
org.hibernate.query.spi.QueryOptions.getCacheMode,0.0052
sun.reflect.annotation.AnnotationParser.parseArrayElements,0.1188
org.apache.coyote.http11.Http11OutputBuffer.isBlocking,0.0274
org.hibernate.engine.internal.MutableEntityEntry.<init>,0.0048
org.hibernate.engine.internal.StatefulPersistenceContext.postLoad,0.0732
java.lang.invoke.LambdaForm$DMH/0x000001cc81090800.newInvokeSpecial,0.1188
org.springframework.core.annotation.AnnotationFilter$1.matches,0.1188
java.lang.Class.isAssignableFrom,0.2871
org.springframework.cache.annotation.SpringCacheAnnotationParser.parseCacheAnnotations,0.0108
org.hibernate.sql.results.graph.entity.internal.EntityInitializerImpl.registerPossibleUniqueKeyEntries,0.0057
org.apache.coyote.http11.filters.ChunkedOutputFilter.calculateChunkHeader,0.0080
java.lang.Class.getConstantPool,0.1316
java.security.AccessController.executePrivileged,0.0656
org.springframework.boot.loader.net.protocol.jar.JarUrlConnection.getInputStream,0.0000
io.micrometer.core.instrument.distribution.TimeWindowMax.record,0.0087
org.springframework.web.servlet.resource.ResourceUrlProvider.getForLookupPath,0.0083
org.h2.command.query.Select$LazyResultQueryFlat.fetchNextRow,0.2175
java.io.WinNTFileSystem.getBooleanAttributes0,0.0656
java.util.jar.Attributes$Name.of,0.0445
sun.nio.ch.SocketDispatcher.write0,1.8964
org.thymeleaf.processor.element.AbstractElementTagProcessor.process,0.0528
java.lang.invoke.DelegatingMethodHandle.rebind,0.0000
org.springframework.boot.loader.net.protocol.jar.UrlJarFiles$Cache.putIfAbsent,41.0109
org.hibernate.type.descriptor.java.JavaType.getReplacement,0.0338
org.h2.engine.SessionLocal.addTableToDependencies,0.0286
org.hibernate.boot.model.internal.BinderHelper.noConstraint,0.0337
java.util.concurrent.locks.LockSupport.unpark,0.0000
jdk.internal.util.ArraysSupport.mismatch,0.0586
org.h2.command.Tokenizer.tokenize,0.0954
sun.util.calendar.ZoneInfo.getTransitionIndex,0.0821
org.hibernate.sql.results.graph.entity.internal.EntityInitializerImpl.resolveKey,0.0753
org.hibernate.sql.results.jdbc.internal.DeferredResultSetAccess.bindParameters,0.0096
org.apache.tomcat.util.net.NioEndpoint.startInternal,0.0000
org.springframework.core.annotation.TypeMappedAnnotation.getValue,0.1188
org.springframework.beans.factory.support.DefaultListableBeanFactory.registerBeanDefinition,0.1188
org.h2.engine.SessionLocal.startStatementWithinTransaction,0.0071
org.h2.value.Value.convertTo,0.0047
org.springframework.web.util.UriUtils.encode,0.0038
org.springframework.beans.factory.support.DefaultSingletonBeanRegistry.getSingleton,0.0496
org.springframework.core.annotation.AnnotationsScanner.processMethodHierarchy,0.0000
org.springframework.cache.annotation.SpringCacheAnnotationParser.parseCacheableAnnotation,0.0496
javax.management.openmbean.CompositeDataSupport.<init>,0.0457
org.hibernate.internal.AbstractSharedSessionContract.generateEntityKey,0.0062
org.springframework.core.convert.TypeDescriptor.equals,0.3217
java.util.LinkedHashMap.newNode,0.0117
org.hibernate.sql.results.spi.ListResultsConsumer.readUnique,0.0139
java.lang.invoke.BoundMethodHandle$Species_LLLLLL.copyWithExtendL,0.0656
org.unbescape.html.HtmlEscapeSymbols.<init>,0.0176
java.util.stream.Sink$ChainedReference.cancellationRequested,0.0496
java.lang.String.hashCode,0.9242
org.springframework.core.SerializableTypeWrapper$MethodParameterTypeProvider.getType,0.2895
org.springframework.beans.factory.support.AbstractAutowireCapableBeanFactory.predictBeanType,0.3523
org.springframework.web.context.request.async.WebAsyncUtils.getAsyncManager,0.0447
java.util.regex.Pattern$Start.match,0.0177
java.lang.invoke.DirectMethodHandle$Holder.invokeSpecial,0.0607
org.springframework.core.ResolvableType.forType,0.3903
org.springframework.boot.autoconfigure.condition.OnPropertyCondition.determineOutcome,0.1011
org.hibernate.engine.internal.StatefulPersistenceContext.addUninitializedCollection,0.0032
org.hibernate.property.access.spi.BuiltInPropertyAccessStrategies.<clinit>,0.0337
org.springframework.expression.spel.ast.MethodReference$MethodValueRef.<init>,0.0655
org.apache.coyote.http11.filters.ChunkedOutputFilter.doWrite,0.0258
sun.reflect.generics.repository.AbstractRepository.getTree,0.0445
org.hibernate.type.StandardBasicTypes.prime,0.0453
org.springframework.core.BridgeMethodResolver.findBridgedMethod,0.0145
org.attoparser.select.BlockSelectorMarkupHandler.setParseConfiguration,0.0604
org.hibernate.collection.spi.PersistentSet.iterator,0.0031
com.zaxxer.hikari.util.ConcurrentBag.lambda$new$0,0.0954
org.springframework.boot.loader.net.protocol.jar.JarUrlClassLoader.definePackage,0.0656
org.springframework.boot.loader.jar.NestedJarFile.getEntry,0.0148
org.springframework.beans.factory.support.AbstractAutowireCapableBeanFactory.createBeanInstance,0.0605
org.springframework.web.cors.CorsConfiguration.trimTrailingSlash,0.0496
javax.management.NotificationBroadcasterSupport.addNotificationListener,0.0000
java.nio.channels.spi.AbstractSelectableChannel.register,0.0175
java.util.concurrent.locks.AbstractQueuedSynchronizer$ConditionObject.canReacquire,0.0079
org.hibernate.query.hql.internal.HqlParseTreeBuilder.buildHqlParser,0.0993
org.springframework.boot.loader.net.protocol.jar.Handler.parseURL,0.5656
org.thymeleaf.web.servlet.JakartaServletWebApplication.buildExchange,0.0158
java.lang.Class.getInterfaces0,0.0656
java.util.stream.StreamSupport.stream,0.0173
org.h2.mvstore.db.MVPrimaryIndex.getMap,0.0407
org.springframework.core.annotation.AbstractMergedAnnotation.isDirectlyPresent,0.1188
io.micrometer.core.instrument.Tags.and,0.0093
java.lang.String.regionMatches,0.3165
org.springframework.boot.loader.zip.FileDataBlock$FileAccess.close,0.5621
org.h2.mvstore.RootReference.tryLock,0.0066
org.springframework.core.io.ClassPathResource.<init>,0.0403
java.nio.Buffer.<init>,0.0445
org.h2.mvstore.type.LongDataType.binarySearch,0.1535
org.thymeleaf.standard.expression.SimpleExpression.executeSimple,0.0377
org.springframework.core.annotation.AnnotationsScanner.processClassHierarchy,0.1559
org.hibernate.sql.results.graph.internal.AbstractInitializer.startLoading,0.0156
sun.security.jca.ProviderList.<clinit>,0.0000
org.springframework.boot.loader.zip.ZipString.startsWith,0.0445
org.thymeleaf.engine.Attributes.removeAttribute,0.0027
org.springframework.beans.PropertyAccessorUtils.getNestedPropertySeparatorIndex,0.0220
java.lang.invoke.VarHandleGuards.guard_LLL_Z,0.1085
java.util.AbstractCollection.addAll,0.0453
org.springframework.boot.loader.net.protocol.jar.Handler.indexOfSeparator,0.0445
org.antlr.v4.runtime.atn.ATNConfig.equals,0.0496
org.springframework.samples.petclinic.owner.VisitController.processNewVisitForm,0.0038
org.springframework.asm.Attribute.read,0.1011
org.apache.tomcat.util.threads.TaskQueue.offer,0.0107
org.springframework.util.ConcurrentReferenceHashMap.getReference,0.1188
sun.nio.ch.Net.shutdown,0.0072
java.lang.invoke.AbstractValidatingLambdaMetafactory.<init>,0.0445
net.bytebuddy.implementation.bytecode.collection.ArrayFactory$ArrayStackManipulation.isValid,0.0337
org.hibernate.query.sqm.internal.AbstractSqmSelectionQuery.buildSelectQueryPlan,0.0202
java.lang.invoke.InnerClassLambdaMetafactory.generateConstructor,0.0000
org.h2.mvstore.tx.TransactionMap.chooseIterator,0.0089
sun.util.calendar.Gregorian.newCalendarDate,0.0212
java.lang.String.substring,0.0445
java.util.HashMap.removeNode,0.0034
org.springframework.boot.loader.net.protocol.jar.Handler.extractPath,0.2142
org.springframework.core.annotation.TypeMappedAnnotations$AggregatesSpliterator.tryAdvance,0.0605
org.springframework.data.web.config.ProjectingArgumentResolverRegistrar$ProjectingArgumentResolverBeanPostProcessor.<init>,0.1011
org.hibernate.sql.exec.spi.JdbcParameterBindings.registerParametersForEachJdbcValue,0.0283
sun.nio.ch.IOUtil.write1,0.0053
org.springframework.boot.loader.zip.FileDataBlock.read,0.0954
org.thymeleaf.engine.ProcessorTemplateHandler.handleText,0.2941
java.lang.StringLatin1.lastIndexOf,0.0516
java.lang.PublicMethods$Key.matches,0.0496
java.nio.ByteBuffer.limit,0.1101
org.hibernate.boot.registry.classloading.internal.ClassLoaderServiceImpl$1.run,0.0453
org.springframework.data.repository.query.Parameter.lambda$new$0,0.0531
org.h2.mvstore.MVMap.getChildPageCount,0.0275
java.time.LocalDate.ofInstant,0.1292
org.hibernate.grammars.hql.HqlLexer.<clinit>,0.1489
org.springframework.boot.autoconfigure.thymeleaf.ThymeleafAutoConfiguration$DefaultTemplateResolverConfiguration.defaultTemplateResolver,0.0605
javax.management.MBeanInfo.<init>,0.0000
java.lang.ref.Reference.processPendingReferences,0.0000
org.springframework.core.annotation.TypeMappedAnnotation.<init>,0.2376
org.springframework.core.convert.support.GenericConversionService.convert,0.0338
org.springframework.boot.actuate.autoconfigure.web.server.$Proxy80.annotationType,0.0000
java.util.HashMap$HashIterator.remove,0.0072
java.util.Spliterators$IteratorSpliterator.<init>,0.1011
org.hibernate.engine.spi.ActionQueue$OrderedActions.<clinit>,0.0531
org.hibernate.query.sqm.internal.SqmUtil.resolveParameters,0.0496
org.apache.tomcat.util.threads.ThreadPoolExecutor.runWorker,0.0102
java.util.ArrayList.addAll,0.0000
org.thymeleaf.engine.AbstractProcessableElementTag.getAssociatedProcessors,0.0843
org.h2.command.query.Select.isEverything,0.0099
java.lang.ClassLoader.defineClass0,5.8101
java.lang.ClassLoader.defineClass1,20.8458
java.lang.ClassLoader.defineClass2,0.2361
org.springframework.data.repository.config.RepositoryBeanDefinitionBuilder.<init>,0.1011
org.springframework.beans.BeanWrapperImpl.getCachedIntrospectionResults,0.0035
org.hibernate.event.internal.AbstractSaveEventListener.cascadeBeforeSave,0.0258
org.springframework.core.annotation.AnnotationUtils$$Lambda/0x000001cc81432890.test,0.1011
org.springframework.boot.web.embedded.tomcat.TomcatServletWebServerFactory.prepareContext,0.0954
org.apache.catalina.connector.CoyoteAdapter.service,0.0053
org.hibernate.jpa.internal.util.CacheModeHelper.interpretCacheMode,0.0337
org.springframework.core.BridgeMethodResolver.getMostSpecificMethod,0.0954
sun.nio.ch.WEPoll.wait,20.0055
java.util.ArrayList.<init>,0.0072
jdk.internal.loader.Resource.getBytes,0.0452
org.springframework.orm.jpa.JpaTransactionManager.doBegin,0.0039
org.springframework.data.jpa.repository.query.AbstractJpaQuery.doExecute,0.0083
org.springframework.core.PrioritizedParameterNameDiscoverer.getParameterNames,0.1615
java.nio.charset.CharsetDecoder.decode,0.0089
org.hibernate.sql.exec.internal.AbstractJdbcParameter.bindParameterValue,0.0116
org.thymeleaf.linkbuilder.StandardLinkBuilder.findCharInSequence,0.0102
org.springframework.beans.factory.support.AbstractBeanDefinition.<init>,0.0531
org.springframework.core.convert.TypeDescriptor.narrow,0.0228
org.thymeleaf.engine.ProcessorExecutionVars.<init>,0.0219
java.lang.Class.getDeclaredMethods0,1.3388
jdk.internal.misc.Unsafe.checkPointer,0.0052
java.net.URLClassLoader.definePackage,0.0452
org.hibernate.engine.internal.ManagedTypeHelper.isManagedEntity,0.0211
org.apache.tomcat.util.http.CookieProcessorBase.<init>,0.0000
org.hibernate.dialect.H2SqlAstTranslator$$Lambda/0x000001cc81916410.run,0.0023
java.lang.invoke.MethodTypeForm.cachedLambdaForm,0.0496
com.sun.management.internal.GcInfoBuilder.getGcInfoCompositeType,0.0000
org.springframework.boot.loader.jar.NestedJarFile$JarEntryInflaterInputStream.<init>,0.0452
org.springframework.beans.factory.support.DefaultListableBeanFactory.updateManualSingletonNames,0.1188
org.hibernate.grammars.hql.HqlParser.identifier,0.0496
org.antlr.v4.runtime.atn.PredictionContext.merge,0.0993
org.thymeleaf.standard.processor.StandardTranslationDocTypeProcessor.<clinit>,0.0604
org.apache.catalina.core.StandardWrapper.<init>,0.0954
org.springframework.boot.loader.zip.FileDataBlock$FileAccess.ensureOpen,0.6861
java.lang.ThreadLocal$ThreadLocalMap.getEntry,0.0090
org.thymeleaf.expression.Numbers.sequence,0.0029
net.bytebuddy.dynamic.scaffold.MethodGraph$Compiler$Default$Harmonizer$ForJavaMethod$Token.<init>,0.0337
org.springframework.web.util.pattern.SeparatorPathElement.matches,0.0034
java.util.Arrays.copyOf,0.0087
org.hibernate.service.StandardServiceInitiators.buildStandardServiceInitiatorList,0.0453
java.util.jar.Attributes.size,0.0337
org.thymeleaf.spring6.processor.SpringHrefTagProcessor.doProcess,0.0029
java.lang.ClassNotFoundException.<init>,0.0445
java.net.URL.getDefaultPort,0.0819
org.springframework.web.util.RfcUriParser$InternalParser.<init>,0.0128
java.lang.StringConcatHelper.prepend,0.0023
org.thymeleaf.templateparser.raw.RawTemplateParser.<init>,0.0604
org.springframework.expression.spel.ast.PropertyOrFieldReference.getValueInternal,0.0941
org.springframework.core.annotation.AnnotatedElementUtils.highAggregateIndexesFirst,0.1011
org.h2.util.LegacyDateTimeUtils.toDate,0.0040
org.hibernate.boot.model.source.internal.annotations.AnnotationMetadataSourceProcessorImpl.orderHierarchy,0.0337
org.hibernate.collection.internal.CustomCollectionTypeSemantics.getCollectionClassification,0.0108
org.hibernate.query.sqm.tree.select.SqmSelectStatement.<init>,0.0531
org.apache.tomcat.util.net.SocketWrapperBase.writeBlocking,0.0239
java.lang.invoke.MethodHandle.asType,0.0337
org.springframework.util.CollectionUtils.isEmpty,0.3417
org.apache.tomcat.util.buf.AbstractChunk.indexOf,0.0142
java.nio.channels.SelectionKey.isWritable,0.0151
org.thymeleaf.engine.AttributeDefinitions.buildHTMLAttributeDefinition,0.0604
java.time.format.DateTimePrintContext.<init>,0.0204
java.util.Objects.equals,0.0890
org.springframework.context.annotation.ConfigurationClassParser$SourceClass.hashCode,0.1188
sun.nio.fs.WindowsNativeDispatcher.GetFileAttributesEx0,0.1754
org.hibernate.event.internal.DefaultMergeEventListener.entityIsDetached,0.0184
java.util.concurrent.ConcurrentHashMap.tableSizeFor,0.0023
java.lang.Object.wait0,0.0041
java.util.TreeMap.get,0.0000
jdk.internal.misc.Unsafe.unpark,0.0405
java.net.URL.<init>,1.8059
org.h2.mvstore.tx.TransactionStore.registerTransaction,0.0954
java.lang.invoke.VarHandleLongs$FieldInstanceReadWrite.weakCompareAndSetRelease,0.0078
org.springframework.boot.loader.zip.ZipContent$Entry.<init>,0.0445
sun.util.logging.internal.LoggingProviderImpl$JULWrapper.toJUL,0.0000
org.hibernate.query.sqm.internal.ConcreteSqmSelectQueryPlan.lambda$new$1,0.0102
org.springframework.boot.loader.zip.ZipContent.size,0.0445
org.thymeleaf.engine.ElementProcessorIterator.next,0.4503
org.springframework.boot.actuate.autoconfigure.endpoint.web.servlet.WebMvcEndpointManagementContextConfiguration.webEndpointServletHandlerMapping,0.0000
org.hibernate.persister.entity.DirtyHelper.isDirty,0.0135
org.springframework.expression.spel.support.ReflectiveMethodExecutor.execute,0.0081
org.hibernate.loader.ast.internal.SingleIdEntityLoaderStandardImpl.isLoadPlanReusable,0.0151
org.springframework.core.annotation.AnnotationsScanner.isKnownEmpty,0.0708
org.thymeleaf.engine.ElementProcessorIterator.recompute,0.0334
java.util.HashSet.iterator,0.0112
java.util.IdentityHashMap.put,0.0234
java.util.LinkedHashMap.values,0.0000
org.apache.coyote.http11.Http11InputBuffer.fill,0.0010
java.util.HashMap.hash,0.6218
org.hibernate.sql.results.internal.StandardRowReader.<init>,0.0126
java.util.Date.<init>,0.0041
org.springframework.aop.framework.autoproxy.BeanFactoryAdvisorRetrievalHelper.findAdvisorBeans,0.0453
sun.invoke.util.VerifyAccess.isClassAccessible,0.1011
org.thymeleaf.engine.Attributes.searchAttribute,0.6042
org.springframework.boot.loader.zip.ZipString.hash,0.2166
org.h2.mvstore.db.MVSecondaryIndex.getMap,0.0082
org.thymeleaf.engine.ProcessorTemplateHandler.handleCloseElement,0.0293
jdk.internal.reflect.ConstantPool.getUTF8At0,0.0127
java.lang.invoke.BoundMethodHandle$Species_L.<init>,0.0531
org.springframework.data.jpa.repository.query.PartTreeJpaQuery.<init>,0.0531
java.util.IdentityHashMap.resize,0.1652
org.hibernate.sql.results.jdbc.internal.JdbcValuesSourceProcessingStateStandardImpl$$Lambda/0x000001cc81f91978.accept,0.0086
org.springframework.expression.spel.ast.PropertyOrFieldReference.getValueRef,0.0036
org.springframework.beans.factory.support.AbstractBeanFactory.isTypeMatch,0.3199
org.springframework.core.annotation.PackagesAnnotationFilter.matches,0.1701
org.hibernate.validator.internal.util.CollectionHelper.toImmutableList,0.0337
java.net.URLStreamHandler.parseURL,0.9286
org.apache.tomcat.util.compat.JreCompat.<clinit>,0.1011
java.util.stream.MatchOps$1MatchSink.accept,1.4947
org.hibernate.engine.spi.SharedSessionContractImplementor.checkOpen,0.0041
java.lang.StringLatin1.indexOf,0.0445
java.lang.Class.getSuperclass,0.2980
com.zaxxer.hikari.pool.ProxyConnection.trackStatement,0.0128
java.util.stream.AbstractPipeline.copyInto,0.0118
org.thymeleaf.standard.expression.ExpressionParsingUtil.decomposeSimpleExpressions,0.0117
sun.nio.ch.SelectorImpl.select,0.0052
jdk.internal.loader.URLClassPath$Loader.findResource,0.1069
java.lang.ref.Reference.enqueueFromPending,0.0003
jdk.internal.ref.CleanerImpl$PhantomCleanableRef.<init>,0.0949
org.springframework.core.MethodParameter.forExecutable,0.0481
org.springframework.boot.loader.net.protocol.jar.JarUrl.create,0.0445
java.util.stream.ReferencePipeline.forEachWithCancel,0.7729
java.lang.StringLatin1.toLowerCase,0.2540
sun.util.locale.provider.JRELocaleProviderAdapter.lambda$createSupportedLocaleString$13,0.0000
org.attoparser.MarkupEventProcessorHandler.handleAttribute,0.0053
sun.nio.ch.IOUtil.drain,0.1402
sun.nio.cs.ThreadLocalCoders$Cache.moveToFront,0.0103
org.springframework.boot.web.embedded.tomcat.TomcatServletWebServerFactory.getWebServer,0.1011
jdk.internal.ref.PhantomCleanable.<init>,0.0445
java.lang.invoke.MethodHandles$Lookup$ClassDefiner.defineClass,0.0656
org.springframework.transaction.annotation.ProxyTransactionManagementConfiguration.transactionInterceptor,0.1011
org.springframework.data.jpa.repository.query.HqlParser.<clinit>,0.1985
org.hibernate.sql.results.graph.entity.internal.EntityInitializerImpl$$Lambda/0x000001cc81f8b8f0.accept,0.0065
org.springframework.web.servlet.mvc.method.annotation.RequestMappingHandlerAdapter.getDefaultArgumentResolvers,0.0605
org.hibernate.engine.spi.CollectionEntry.postInitialize,0.0043
org.hibernate.sql.results.graph.collection.internal.AbstractImmediateCollectionInitializer.resolveInstance,0.0710
java.util.concurrent.ConcurrentHashMap.computeIfAbsent,0.0057
java.util.TimSort.countRunAndMakeAscending,0.0217
org.thymeleaf.engine.Model.process,0.0591
com.fasterxml.jackson.datatype.jsr310.JavaTimeModule.setupModule,0.0000
jdk.jfr.internal.jfc.model.XmlExpression.constraints,0.0000
org.thymeleaf.engine.Model.<init>,0.0109
java.util.Collections$UnmodifiableCollection$1.hasNext,0.0066
org.antlr.v4.runtime.atn.ParserATNSimulator.closureCheckingStopState,0.0496
org.thymeleaf.templateparser.markup.AbstractMarkupTemplateParser.parse,0.0131
java.util.concurrent.ConcurrentSkipListMap.findPredecessor,0.0101
org.hibernate.collection.spi.PersistentSet.getDeletes,0.0430
org.springframework.asm.AnnotationVisitor.<init>,0.0656
ch.qos.logback.classic.Logger.callTurboFilters,0.0337
org.springframework.web.servlet.FrameworkServlet.processRequest,0.1261
org.thymeleaf.engine.ElementDefinitions.buildHTMLElementDefinition,0.1208
org.apache.coyote.http11.Http11InputBuffer.parseHeader,0.0095
sun.management.MappedMXBeanType$MapMXBeanType.toJavaTypeData,0.0000
jdk.internal.loader.AbstractClassLoaderValue$Memoizer.get,0.0117
org.springframework.web.servlet.mvc.method.annotation.ServletRequestDataBinderFactory.createBinderInstance,0.0124
java.io.ByteArrayOutputStream.ensureCapacity,0.0656
org.thymeleaf.engine.AttributeNames.buildHTMLAttributeName,0.0604
sun.management.MappedMXBeanType$CompositeDataMXBeanType.<init>,1.7151
org.hibernate.engine.internal.MutableEntityEntryFactory.createEntityEntry,0.0078
org.springframework.core.annotation.AnnotationTypeMapping.processAliases,0.0531
org.springframework.util.AntPathMatcher.extractPathWithinPattern,0.0073
org.hibernate.sql.results.graph.entity.internal.EntityAssembler.assemble,0.0027
org.antlr.v4.runtime.atn.ParserATNSimulator.closure_,0.0993
org.attoparser.MarkupEventProcessorHandler$StructureNamesRepository.storeStructureName,0.0841
org.apache.catalina.authenticator.AuthenticatorBase.invoke,0.0084
java.util.stream.ReferencePipeline.mapToInt,0.0445
org.h2.mvstore.db.RowDataType.compareSearchRows,0.1025
java.lang.String.<init>,0.1188
org.springframework.core.annotation.AnnotationUtils.getAnnotation,0.0496
org.springframework.data.jpa.repository.query.JpaQueryCreator$PredicateBuilder.build,0.0060
org.thymeleaf.web.servlet.JakartaServletWebApplication.servletContextMatches,0.0065
jdk.internal.loader.URLClassPath$Loader.getResource,0.2259
java.util.stream.AbstractPipeline.copyIntoWithCancel,0.0916
java.lang.invoke.InvokerBytecodeGenerator.classData,0.0040
org.hibernate.query.sqm.sql.StandardSqmTranslatorFactory.createSelectTranslator,0.0180
org.apache.tomcat.util.buf.MessageBytes.setBytes,0.0053
java.lang.ThreadLocal$ThreadLocalMap.cleanSomeSlots,0.1089
org.thymeleaf.standard.expression.ExpressionCache.getExpressionFromCache,0.0237
org.springframework.boot.loader.net.protocol.jar.JarUrlConnection.getJarEntry,0.0445
org.springframework.data.mapping.model.Property.lambda$new$3,0.0531
org.hibernate.event.internal.DefaultMergeEventListener.cascadeOnMerge,0.0194
org.h2.jdbc.JdbcResultSet.nextRow,0.0033
org.hibernate.sql.exec.internal.JdbcParameterBindingsImpl.getBinding,0.0029
java.util.concurrent.ConcurrentHashMap.replaceNode,0.0784
sun.nio.ch.WEPollSelectorImpl.clearInterrupt,0.5159
java.lang.invoke.MethodType.equals,0.0445
java.lang.StringBuilder.<init>,0.1056
java.time.format.DateTimeFormatterBuilder.appendPattern,0.0168
org.hibernate.sql.results.graph.collection.CollectionInitializer.getCollectionInstance,0.0443
java.util.TreeMap.keySet,0.0000
java.util.Date.getDate,0.0058
jdk.internal.org.objectweb.asm.MethodWriter.putMethodInfo,0.1188
java.util.ArrayList.clear,0.0163
ch.qos.logback.classic.LoggerContext.getTurboFilterChainDecision_0_3OrMore,0.5976
sun.nio.ch.WEPollSelectorImpl.setEventOps,0.0047
org.springframework.web.servlet.view.AbstractCachingViewResolver.resolveViewName,0.0199
java.util.concurrent.ConcurrentHashMap.addCount,0.0079
org.thymeleaf.engine.TemplateHandlerAdapterMarkupHandler.handleText,0.0131
java.lang.Object.getClass,0.1814
org.springframework.beans.CachedIntrospectionResults.forClass,0.0052
io.micrometer.core.instrument.Tags.of,0.0003
org.hibernate.engine.internal.Cascade.cascadeAssociationNow,0.0134
java.util.HashMap.putMapEntries,0.0109
java.time.format.DateTimeFormatterBuilder.parsePattern,0.3205
org.springframework.core.convert.TypeDescriptor.<init>,0.1588
java.lang.module.ModuleDescriptor$Exports.hashCode,0.0445
org.springframework.boot.context.logging.LoggingApplicationListener.onApplicationEnvironmentPreparedEvent,0.0656
java.util.HashMap.computeIfAbsent,0.0445
org.springframework.core.annotation.AnnotatedMethod$AnnotatedMethodParameter.getContainingClass,0.0145
org.springframework.cache.caffeine.CaffeineCacheManager.<init>,0.0954
java.lang.reflect.Array.newArray,0.1188
org.thymeleaf.spring6.view.ThymeleafView.renderFragment,0.0979
jakarta.servlet.ServletRequestWrapper.setAttribute,0.2356
sun.reflect.annotation.AnnotationInvocationHandler.hashCodeImpl,0.0036
java.lang.ThreadLocal$ThreadLocalMap.expungeStaleEntry,0.0168
java.util.concurrent.CopyOnWriteArrayList.toArray,0.0052
java.lang.invoke.DirectMethodHandle$Holder.invokeStatic,0.0220
java.util.concurrent.ConcurrentSkipListMap.doPut,0.0078
jdk.internal.jimage.ImageLocation.verify,0.0337
org.springframework.context.annotation.AnnotationConfigUtils.processCommonDefinitionAnnotations,0.1188
org.springframework.boot.actuate.autoconfigure.info.InfoEndpointAutoConfiguration.infoEndpoint,0.0605
java.lang.ref.Reference.waitForReferencePendingList,0.4563
java.util.stream.StreamSpliterators$AbstractWrappingSpliterator.doAdvance,0.0337
javax.management.openmbean.OpenType.isAssignableFrom,0.0006
io.micrometer.core.instrument.binder.logging.MetricsTurboFilter.decide,0.0123
java.time.format.DateTimeFormatterBuilder$CompositePrinterParser.format,0.0306
java.util.concurrent.locks.AbstractQueuedSynchronizer.acquireShared,0.0085
org.hibernate.boot.internal.MetadataBuildingContextRootImpl.getMetadataCollector,0.0337
org.thymeleaf.spring6.util.SpringStandardExpressionUtils.containsSpELInstantiationOrStaticOrParam,0.0161
org.hibernate.sql.results.graph.entity.internal.EntityResultImpl.createInitializer,0.0042
org.springframework.core.ResolvableType.forMethodParameter,0.0187
org.apache.catalina.connector.OutputBuffer.realWriteChars,0.0174
java.util.AbstractCollection.toArray,0.1188
org.springframework.boot.SpringApplication.configureEnvironment,0.0445
java.util.stream.AbstractSpinedBuffer.count,0.0656
java.util.concurrent.locks.ReentrantLock$Sync.lockInterruptibly,0.0010
org.springframework.core.convert.support.GenericConversionService.getConverter,0.0046
org.springframework.boot.loader.jar.NestedJarFile.getInputStream,0.1371
org.h2.expression.ExpressionVisitor.getMaxModificationIdVisitor,0.0072
org.springframework.boot.loader.zip.ZipCentralDirectoryFileHeaderRecord.load,0.0445
java.time.ZoneId.of,0.0445
jdk.internal.misc.Unsafe.putShortUnaligned,0.0011
org.hibernate.boot.model.internal.BasicValueBinder.make,0.0337
java.util.regex.Pattern$BmpCharProperty.match,0.0040
sun.security.util.Debug.isOn,0.1011
jdk.internal.util.xml.impl.Parser.<clinit>,0.0000
java.util.List.of,0.0000
com.zaxxer.hikari.pool.ProxyConnection.untrackStatement,0.0151
org.thymeleaf.engine.OpenElementTag.removeAttribute,0.0163
java.util.stream.SortedOps$RefSortingSink.end,0.0531
org.springframework.core.MethodParameter.getDeclaringClass,0.0954
org.springframework.core.annotation.AnnotationsScanner.processMethod,0.0052
java.lang.invoke.DirectMethodHandle$Holder.newInvokeSpecial,0.0605
jdk.internal.misc.Unsafe.allocateUninitializedArray,0.1004
org.hibernate.sql.ast.spi.AbstractSqlAstTranslator.visitStandardTableDelete,0.0531
org.apache.catalina.connector.Request.getAttribute,0.0839
java.util.ArrayList.add,0.1011
org.hibernate.sql.results.internal.ResultsHelper.finalizeCollectionLoading,0.0109
org.springframework.core.annotation.MergedAnnotationsCollection$AnnotationsSpliterator.tryAdvance,0.1188
java.lang.reflect.Field.setFieldAccessor,0.0337
org.springframework.expression.spel.ExpressionState.popActiveContextObject,0.0048
net.bytebuddy.description.type.TypeList$Generic$AbstractBase.asErasures,0.0453
java.lang.Class.isArray,0.2957
org.unbescape.html.HtmlEscape.escapeHtml4Xml,0.0053
io.micrometer.core.instrument.Tags.empty,0.0000
jdk.internal.misc.Unsafe.ensureClassInitialized0,0.0054
org.hibernate.type.CollectionType.getForeignKeyDirection,0.0463
org.springframework.core.annotation.MergedAnnotations$Search.<clinit>,0.0445
org.springframework.expression.spel.ExpressionState.pushActiveContextObject,0.0031
java.util.concurrent.locks.ReentrantLock$NonfairSync.initialTryLock,0.0049
java.net.URLStreamHandler.setURL,0.0445
org.thymeleaf.util.Validate.containsNoEmpties,0.0146
java.lang.ClassLoader.findBootstrapClass,0.5756
java.util.stream.AbstractPipeline.wrapSink,0.0605
java.util.concurrent.ConcurrentHashMap.get,0.6524
org.apache.tomcat.util.net.NioChannel.write,0.0189
javax.management.openmbean.TabularType.isAssignableFrom,0.0065
org.hibernate.engine.internal.StatefulPersistenceContext.clear,0.0231
net.bytebuddy.matcher.NegatingMatcher.matches,0.0337
org.thymeleaf.engine.Model.insert,0.0070
java.lang.Class.getDeclaredConstructors0,0.7304
org.springframework.boot.loader.zip.DataBlock.readFully,0.2021
java.lang.Integer.valueOf,0.0199
java.util.TimSort.sort,0.0114
org.slf4j.helpers.ThreadLocalMapOfStacks.<init>,0.0445
org.attoparser.util.TextUtil.compareTo,0.0053
java.util.ArrayList$Itr.<init>,0.0156
org.hibernate.FlushMode.level,0.0042
org.hibernate.sql.results.graph.entity.internal.EntityInitializerImpl.extractConcreteTypeStateValues,0.0070
org.springframework.asm.ClassReader.readUtf,0.0656
java.lang.Class.getRawAnnotations,0.1011
org.apache.tomcat.util.http.MimeHeaders.findHeader,0.0131
jdk.internal.misc.Unsafe.allocateInstance,0.1136
java.io.FileOutputStream.writeBytes,0.0453
jdk.internal.perf.PerfCounter.addTime,0.0531
java.lang.invoke.LambdaForm$DMH/0x000001cc8101a800.invokeVirtual,0.0360
org.springframework.http.converter.support.AllEncompassingFormHttpMessageConverter.<init>,0.0452
org.h2.value.Value.compareTo,0.0283
java.util.TreeMap$PrivateEntryIterator.nextEntry,0.0954
java.lang.StringCoding.countPositives,0.0531
java.util.zip.InflaterInputStream.<init>,0.0954
java.lang.StringConcatHelper.newString,0.0042
org.hibernate.internal.SessionImpl.afterOperation,0.0050
org.thymeleaf.engine.OpenElementTag.write,0.0304
org.unbescape.html.HtmlEscapeUtil.escape,2.4416
java.util.Collections$UnmodifiableCollection.contains,0.0103
org.springframework.boot.loader.net.protocol.jar.JarUrlConnection.getJarFile,0.2164
org.hibernate.query.sqm.tree.predicate.SqmLikePredicate.<init>,0.0115
sun.reflect.generics.parser.SignatureParser.init,0.0605
org.thymeleaf.context.WebEngineContext$ExchangeAttributeMap.setVariable,0.0236
org.apache.tomcat.util.net.NioEndpoint$Poller.timeout,0.0072
java.util.stream.FindOps$FindSink$OfRef.get,0.0605
java.util.stream.ReduceOps$3ReducingSink.begin,0.0605
org.h2.mvstore.tx.Transaction.markStatementStart,0.0171
java.util.Collections$UnmodifiableMap$UnmodifiableEntrySet$UnmodifiableEntry.getKey,0.0000
java.lang.invoke.MethodHandles.argumentsWithCombiner,0.0263
io.micrometer.core.instrument.binder.jvm.JvmGcMetrics$GcMetricsNotificationListener.countPoolSizeDelta,0.0000
java.util.ArrayDeque.descendingIterator,0.0167
java.lang.Class.getGenericInterfaces,0.0452
java.util.HashMap.resize,0.2364
org.hibernate.id.insert.GetGeneratedKeysDelegate.createTableMutationBuilder,0.0531
java.util.HashMap$HashIterator.nextNode,0.0578
org.springframework.core.ResolvableType.isAssignableFrom,0.1188
jdk.internal.loader.URLClassPath$JarLoader.getResource,0.1291
org.h2.engine.SessionLocal.getStatementSavepoint,0.0038
org.thymeleaf.engine.ElementTagStructureHandler.applyAttributes,0.0508
java.lang.reflect.Executable.equalParamTypes,0.0037
org.apache.coyote.AbstractProcessor.action,0.0203
org.springframework.boot.loader.net.protocol.jar.JarUrlConnection.getContentLengthLong,0.0452
java.lang.Class.initClassName,0.2697
org.springframework.core.annotation.AnnotationFilter.matches,0.0097
org.hibernate.validator.internal.util.CollectionHelper.toImmutableSet,0.0095
org.hibernate.event.service.internal.EventListenerGroupImpl.fireEventOnEachListener,0.0930
java.util.Spliterator.getExactSizeIfKnown,0.6287
org.hibernate.sql.ast.tree.select.SelectClause.getSqlSelections,0.0042
org.springframework.transaction.annotation.SpringTransactionAnnotationParser.parseTransactionAnnotation,0.0062
java.util.Arrays.sort,0.0041
java.util.HashMap$KeySpliterator.tryAdvance,0.5737
java.util.zip.InflaterInputStream.fill,0.0453
org.springframework.core.convert.TypeDescriptor$AnnotatedElementAdapter.getAnnotations,0.0083
org.springframework.util.ObjectUtils.arrayEquals,0.1188
org.thymeleaf.engine.ProcessorTemplateHandler.resetModel,0.0141
org.springframework.validation.AbstractPropertyBindingResult.findEditor,0.0062
java.lang.Character$UnicodeBlock.<init>,0.0531
java.util.TreeMap.containsKey,0.0029
java.util.concurrent.ConcurrentHashMap.clear,0.0101
java.lang.Class.getMethodsRecursive,0.0531
java.lang.String.intern,0.1313
jdk.internal.loader.URLClassPath.findResource,0.0085
org.hibernate.sql.exec.internal.JdbcSelectExecutorStandardImpl.executeQuery,0.0144
org.apache.tomcat.util.collections.SynchronizedQueue.size,0.0175
org.antlr.v4.runtime.atn.ATNDeserializer.deserialize,0.0993
org.attoparser.MarkupParser.parseBuffer,0.0158
javax.management.openmbean.TabularDataSupport.<init>,0.0012
com.zaxxer.hikari.util.ConcurrentBag.requite,0.0366
org.apache.catalina.core.ContainerBase$ContainerBackgroundProcessor.processChildren,0.0000
java.lang.String.startsWith,0.0010
org.springframework.web.servlet.handler.AbstractHandlerMapping.getHandler,0.0045
java.nio.charset.Charset.decode,0.0036
org.thymeleaf.engine.IteratedGatheringModelProcessable.process,0.0782
sun.net.www.ParseUtil.firstEncodeIndex,0.0790
org.springframework.expression.spel.ast.MethodReference.getArgumentTypes,0.0095
org.springframework.boot.loader.jar.NestedJarFile$JarEntryInputStream.read,0.3359
org.springframework.expression.spel.ast.CompoundExpression.getValueRef,0.1275
java.lang.Class.getDeclaredAnnotations,0.1011
org.springframework.boot.loader.jar.NestedJarFileResources.endOrCacheInflater,0.0131
java.util.zip.Inflater.inflateBytesBytes,2.4909
sun.nio.ch.IOUtil.configureBlocking,0.0007
org.springframework.data.jpa.repository.query.StringQuery.hasConstructorExpression,0.0037
org.hibernate.type.descriptor.jdbc.BasicExtractor.extract,0.3396
org.springframework.web.util.UriUtils.encodePathSegment,0.0046
org.springframework.data.repository.query.ParametersParameterAccessor.iterator,0.1053
java.lang.Thread.yield0,0.3338
org.springframework.boot.SpringApplicationBannerPrinter.print,0.0656
java.lang.Character.toUpperCase,0.0184
io.micrometer.observation.SimpleObservation.openScope,0.0762
java.lang.StringLatin1.replace,0.4697
java.lang.reflect.Executable.sharedGetParameterAnnotations,0.7211
org.apache.tomcat.util.net.NioEndpoint$Poller.run,0.0617
org.thymeleaf.util.ProcessorComparators$ProcessorPrecedenceComparator.compareWrapped,0.1376
java.util.TreeMap$KeySet.contains,0.0000
java.lang.reflect.ProxyGenerator.typeNames,0.0337
org.springframework.boot.actuate.autoconfigure.metrics.task.TaskExecutorMetricsAutoConfiguration.eagerTaskExecutorMetrics,0.0000
org.thymeleaf.context.WebEngineContext$ExchangeAttributeMap.decreaseLevel,0.0307
org.springframework.boot.actuate.metrics.data.DefaultRepositoryTagsProvider.and,0.0086
java.util.Arrays$ArrayList.indexOf,0.0091
